BEGIN TRANSACTION;
INSERT INTO `periode` (id,jour,dateDebut,dateFin,heureDebut,heureFin,modeId) VALUES (0,'1',NULL,NULL,'00:00','06:00',2),
 (1,'1',NULL,NULL,'06:00','08:00',1),
 (2,'1',NULL,NULL,'08:00','17:00',2),
 (3,'1',NULL,NULL,'17:00','23:00',4),
 (4,'1',NULL,NULL,'23:00','23:59',2),
 (5,'2',NULL,NULL,'00:00','06:00',2),
 (6,'2',NULL,NULL,'06:00','08:00',1),
 (7,'2',NULL,NULL,'08:00','17:00',2),
 (8,'2',NULL,NULL,'17:00','23:00',4),
 (9,'2',NULL,NULL,'23:00','23:59',2),
 (10,'3',NULL,NULL,'00:00','06:00',2),
 (11,'3',NULL,NULL,'06:00','13:00',4),
 (13,'3',NULL,NULL,'17:00','23:00',4),
 (14,'3',NULL,NULL,'23:00','23:59',2),
 (15,'4',NULL,NULL,'00:00','06:00',2),
 (16,'4',NULL,NULL,'06:00','08:00',1),
 (17,'4',NULL,NULL,'08:00','17:00',2),
 (18,'4',NULL,NULL,'17:00','23:00',4),
 (19,'4',NULL,NULL,'23:00','23:59',2),
 (20,'5',NULL,NULL,'00:00','06:00',2),
 (21,'5',NULL,NULL,'06:00','08:00',1),
 (22,'5',NULL,NULL,'08:00','17:00',2),
 (23,'5',NULL,NULL,'17:00','23:00',4),
 (24,'5',NULL,NULL,'23:00','23:59',2),
 (25,'6',NULL,NULL,'00:00','07:00',2),
 (26,'6',NULL,NULL,'07:00','23:00',4),
 (27,'6',NULL,NULL,'23:00','23:59',2),
 (28,'0',NULL,NULL,'00:00','07:00',2),
 (29,'0',NULL,NULL,'07:00','23:00',4),
 (30,'0',NULL,NULL,'23:00','23:59',2),
 (139,'3',NULL,NULL,'13:00','17:00',2),
 (188,NULL,'2019-01-23','2019-01-23','13:15','17:00',4),
 (189,NULL,'2019-01-28','2019-01-28','08:39','13:34',1),
 (190,NULL,'2019-01-28','2019-01-28','13:34','17:00',4),
 (191,NULL,'2019-01-29','2019-01-29','08:12','17:00',4);
INSERT INTO `parametrage` (code,type,valeur,commentaire,valeurs) VALUES ('POELE_MARCHE_FORCEE','BOOLEAN','FALSE','Indique si le poêle doit être mis en marche forcée. Valeurs possibles : TRUE, FALSE','TRUE;FALSE'),
 ('POELE_ARRET_FORCE','BOOLEAN','FALSE','Indique si le poêle doit être mis en arrêt forcé. Valeurs possibles : TRUE, FALSE','TRUE;FALSE'),
 ('POELE_ETAT','BOOLEAN','OFF','Indique l''état du poêle. Valeurs possibles : ON,OFF','ON;OFF'),
 ('TEMP_MAXI_MARCHE_FORCEE','FLOAT','23','Température maxi à utiliser en marche forcée si aucun mode n''est défini',NULL),
 ('TEMP_CONSIGNE_MARCHE_FORCEE','FLOAT','20','Température de consigne à utiliser en marche forcée si aucun mode n''est défini',NULL),
 ('DERNIER_MODE','INTEGER','2','Identifiant du dernier mode utilisateur',NULL),
 ('POELE_CONFIG','STRING','AUTO','Configuration du fonctionnement du poêle : AUTO - MANU - STOP','AUTO;MANU;STOP'),
 ('ORDRE_MANU','BOOLEAN','OFF','Ordre manuel à envoyer. Valeurs possibles : ON,OFF','ON;OFF'),
 ('EMITTER_SAME_START_TRAME_DELAY','INTEGER','1','Délai entre 2 envois de trames ON identiques, en minutes',NULL),
 ('EMITTER_SAME_STOP_TRAME_DELAY','INTEGER','1','Délai entre 2 envois de trames OFF identiques, en minutes',NULL),
 ('EMITTER_STOP_TRAME_SEND_DURATION','INTEGER','600','Durée maxi d''envoi des ordres OFF, en minutes',NULL),
 ('EMITTER_OFF_MIN_DURATION','INTEGER','15','Durée minimale d''arrêt avant allumage, en minutes',NULL),
 ('EMITTER_CHECK_DELAYS','BOOLEAN','FALSE','Activation des contrôles de délai','TRUE;FALSE'),
 ('EMITTER_BOOST_DURATION','INTEGER','75','Durée de boost au démarrage en minutes',NULL),
 ('EMITTER_START_LIMIT_BEFORE_END_PERIOD','INTEGER','20','Limite de marche avant la fin de période, en minutes',NULL);
INSERT INTO `mode` (id,libelle,cons,max) VALUES (1,'Confort 1',19.0,20.0),
 (2,'Eco 2',15.0,17.0),
 (3,'Eco 1',10.0,15.0),
 (4,'Confort 2',19.0,22.5);
INSERT INTO `ACCOUNTS` (login,password) VALUES ('nestof@gmail.com','cotbpotw'),
 ('aurore.findinier@gmail.com','christophe');
COMMIT;
